embedding,macro_f1,accuracy
cbow,0.5151815926009474,0.5166666666666667
sg,0.5431807833878487,0.5444444444444444
