embedding,seed,macro_f1,accuracy
cbow,42,0.5661846496106786,0.5666666666666667
cbow,43,0.5132867132867133,0.5166666666666667
cbow,44,0.4660734149054505,0.4666666666666667
sg,42,0.5498749652681301,0.55
sg,43,0.5328142380422691,0.5333333333333333
sg,44,0.5468531468531468,0.55
