seed,macro_f1,accuracy
42,0.5328142380422691,0.5333333333333333
43,0.53125,0.5333333333333333
44,0.5165323701028064,0.5166666666666667
